Price,Adj Close,Close,High,Low,Open,Volume
Ticker,SPY,SPY,SPY,SPY,SPY,SPY
Date,,,,,,
2022-01-03,454.46685791015625,477.7099914550781,477.8500061035156,473.8500061035156,476.29998779296875,72668200
2022-01-04,454.314697265625,477.54998779296875,479.9800109863281,475.5799865722656,479.2200012207031,71178700
2022-01-05,445.59088134765625,468.3800048828125,477.9800109863281,468.2799987792969,477.1600036621094,104538900
2022-01-06,445.1722412109375,467.94000244140625,470.82000732421875,465.42999267578125,467.8900146484375,86858900
2022-01-07,443.41229248046875,466.0899963378906,469.20001220703125,464.6499938964844,467.95001220703125,85111600
2022-01-10,442.8604736328125,465.510009765625,465.739990234375,456.6000061035156,462.70001220703125,119362000
2022-01-11,446.8941650390625,469.75,469.8500061035156,462.04998779296875,465.2300109863281,74303100
2022-01-12,448.1024475097656,471.0199890136719,473.20001220703125,468.94000244140625,471.5899963378906,67605400
2022-01-13,441.92816162109375,464.5299987792969,472.8800048828125,463.44000244140625,472.19000244140625,91173100
2022-01-14,442.10894775390625,464.7200012207031,465.0899963378906,459.8999938964844,461.19000244140625,95890900
2022-01-18,434.2793884277344,456.489990234375,459.9599914550781,455.30999755859375,459.739990234375,109709100
2022-01-19,429.7698669433594,451.75,459.6099853515625,451.4599914550781,458.1300048828125,109357600
2022-01-20,425.0132751464844,446.75,458.739990234375,444.5,453.75,122379700
2022-01-21,416.6700134277344,437.9800109863281,448.05999755859375,437.95001220703125,445.55999755859375,202271200
2022-01-24,418.439453125,439.8399963378906,440.3800048828125,420.760009765625,432.0299987792969,251783900
2022-01-25,413.3307189941406,434.4700012207031,439.7200012207031,427.1499938964844,433.05999755859375,167997300
2022-01-26,412.2937927246094,433.3800048828125,444.0400085449219,428.8599853515625,440.7200012207031,186391100
2022-01-27,410.2579040527344,431.239990234375,441.5899963378906,429.45001220703125,438.260009765625,149878300
2022-01-28,420.44683837890625,441.95001220703125,442.0,427.82000732421875,432.67999267578125,164457400
2022-01-31,428.0195617675781,449.9100036621094,450.2799987792969,439.80999755859375,441.239990234375,152251400
2022-02-01,430.91156005859375,452.95001220703125,453.6300048828125,446.94000244140625,450.67999267578125,123155400
2022-02-02,435.0975036621094,457.3500061035156,458.1199951171875,453.04998779296875,455.5,117361000
2022-02-03,424.8705139160156,446.6000061035156,452.9700012207031,445.7099914550781,450.95001220703125,118024400
2022-02-04,426.8683776855469,448.70001220703125,452.7799987792969,443.8299865722656,446.3500061035156,118454400
2022-02-07,425.4983825683594,447.260009765625,450.989990234375,445.8500061035156,449.510009765625,84472900
2022-02-08,428.9993896484375,450.94000244140625,451.9200134277344,445.2200012207031,446.7300109863281,81012000
2022-02-09,435.2782897949219,457.5400085449219,457.8800048828125,455.010009765625,455.2200012207031,92589900
2022-02-10,427.458251953125,449.32000732421875,457.7099914550781,447.20001220703125,451.3399963378906,140103700
2022-02-11,419.0293273925781,440.4599914550781,451.6099853515625,438.94000244140625,449.4100036621094,153214600
2022-02-14,417.6593322753906,439.0199890136719,441.6000061035156,435.3399963378906,439.9200134277344,123006300
2022-02-15,424.3948669433594,446.1000061035156,446.2799987792969,443.17999267578125,443.7300109863281,88482700
2022-02-16,424.8705139160156,446.6000061035156,448.05999755859375,441.94000244140625,443.92999267578125,84863600
2022-02-17,415.79473876953125,437.05999755859375,446.57000732421875,436.4200134277344,443.2200012207031,102259100
2022-02-18,413.10247802734375,434.2300109863281,438.6600036621094,431.82000732421875,437.3299865722656,132642900
2022-02-22,408.6691589355469,429.57000732421875,435.5,425.8599853515625,431.8900146484375,124391800
2022-02-23,401.4198913574219,421.95001220703125,433.260009765625,421.3500061035156,432.6600036621094,132578000
2022-02-24,407.4609680175781,428.29998779296875,428.760009765625,410.6400146484375,411.0199890136719,213942900
2022-02-25,416.451171875,437.75,437.8399963378906,427.8599853515625,429.6099853515625,121804500
2022-02-28,415.3856506347656,436.6300048828125,438.20001220703125,430.70001220703125,432.0299987792969,145615000
2022-03-01,409.0592041015625,429.9800109863281,437.1700134277344,427.1099853515625,435.0400085449219,137785900
2022-03-02,416.5843811035156,437.8900146484375,439.7200012207031,431.57000732421875,432.3699951171875,117726500
2022-03-03,414.5103759765625,435.7099914550781,441.1099853515625,433.79998779296875,440.4700012207031,105501700
2022-03-04,411.1426696777344,432.1700134277344,433.3699951171875,427.8800048828125,431.75,113978200
2022-03-07,399.02252197265625,419.42999267578125,432.29998779296875,419.3599853515625,431.54998779296875,137896600
2022-03-08,395.9972229003906,416.25,427.2099914550781,415.1199951171875,419.6199951171875,164772700
2022-03-09,406.61431884765625,427.4100036621094,429.510009765625,422.82000732421875,425.1400146484375,116990800
2022-03-10,404.7781677246094,425.4800109863281,426.42999267578125,420.44000244140625,422.5199890136719,93972700
2022-03-11,399.6313781738281,420.07000732421875,428.7699890136719,419.5299987792969,428.1199951171875,95636300
2022-03-14,396.71075439453125,417.0,424.54998779296875,415.7900085449219,420.8900146484375,95729200
2022-03-15,405.4346008300781,426.1700134277344,426.8399963378906,418.4200134277344,419.7699890136719,106219100
2022-03-16,414.42486572265625,435.6199951171875,435.67999267578125,424.79998779296875,429.8900146484375,144954800
2022-03-17,419.6096496582031,441.07000732421875,441.07000732421875,433.19000244140625,433.5899963378906,102676900
2022-03-18,424.2054748535156,444.5199890136719,444.8599853515625,437.2200012207031,438.0,106345500
2022-03-21,424.08154296875,444.3900146484375,446.4599914550781,440.67999267578125,444.3399963378906,88349800
2022-03-22,429.0438232421875,449.5899963378906,450.5799865722656,445.8599853515625,445.8599853515625,74650400
2022-03-23,423.5184020996094,443.79998779296875,448.489990234375,443.7099914550781,446.9100036621094,79426100
2022-03-24,429.9026794433594,450.489990234375,450.5,444.760009765625,445.94000244140625,64736900
2022-03-25,432.0021057128906,452.69000244140625,452.9800109863281,448.42999267578125,451.1600036621094,77101300
2022-03-28,435.07501220703125,455.9100036621094,455.9100036621094,450.05999755859375,452.05999755859375,68529800
2022-03-29,440.45721435546875,461.54998779296875,462.07000732421875,457.17999267578125,460.0199890136719,86581500
2022-03-30,437.7375183105469,458.70001220703125,461.20001220703125,456.4700012207031,460.3399963378906,79666900
2022-03-31,431.0001525878906,451.6400146484375,458.760009765625,451.1600036621094,457.8900146484375,121699900
2022-04-01,432.2216796875,452.9200134277344,453.4599914550781,449.1400146484375,453.30999755859375,89048800
2022-04-04,435.9243469238281,456.79998779296875,456.9100036621094,452.260009765625,453.1300048828125,59601000
2022-04-05,430.41802978515625,451.0299987792969,457.8299865722656,449.82000732421875,455.2200012207031,74214500
2022-04-06,426.1141357421875,446.5199890136719,448.92999267578125,443.4700012207031,446.8900146484375,106898000
2022-04-07,428.2613220214844,448.7699890136719,450.69000244140625,443.5299987792969,445.5899963378906,78097200
2022-04-08,427.11614990234375,447.57000732421875,450.6300048828125,445.94000244140625,447.9700012207031,79272700
2022-04-11,419.8157958984375,439.9200134277344,445.0,439.3900146484375,444.1099853515625,89770500
2022-04-12,418.26025390625,438.2900085449219,445.75,436.6499938964844,443.0799865722656,84363600
2022-04-13,423.0508117675781,443.30999755859375,444.1099853515625,437.8399963378906,438.0299987792969,74070400
2022-04-14,417.7830505371094,437.7900085449219,444.7300109863281,437.67999267578125,443.54998779296875,97869500
2022-04-18,417.9548645019531,437.9700012207031,439.75,435.6099853515625,436.80999755859375,66002500
2022-04-19,424.7018127441406,445.0400085449219,445.79998779296875,437.67999267578125,437.8599853515625,77821000
2022-04-20,424.3868103027344,444.7099914550781,447.57000732421875,443.4800109863281,446.9200134277344,65224400
2022-04-21,418.0407409667969,438.05999755859375,450.010009765625,437.1000061035156,448.5400085449219,85417300
2022-04-22,406.5700988769531,426.0400085449219,438.0799865722656,425.44000244140625,436.9100036621094,132471800
2022-04-25,408.92718505859375,428.510009765625,428.69000244140625,418.8399963378906,423.6700134277344,119647700
2022-04-26,397.0843505859375,416.1000061035156,426.0400085449219,416.07000732421875,425.8299865722656,103996300
2022-04-27,398.2008361816406,417.2699890136719,422.9200134277344,415.010009765625,417.239990234375,122030000
2022-04-28,408.2591857910156,427.80999755859375,429.6400146484375,417.6000061035156,422.2900085449219,105449100
2022-04-29,393.1717529296875,412.0,425.8699951171875,411.2099914550781,423.5899963378906,145491100
2022-05-02,395.538330078125,414.4800109863281,415.9200134277344,405.0199890136719,412.07000732421875,158312500
2022-05-03,397.3515930175781,416.3800048828125,418.92999267578125,413.3599853515625,415.010009765625,100028200
2022-05-04,409.4520263671875,429.05999755859375,429.6600036621094,413.7099914550781,417.0799865722656,144247900
2022-05-05,394.8989562988281,413.80999755859375,425.0,409.44000244140625,424.54998779296875,172929100
2022-05-06,392.54180908203125,411.3399963378906,414.79998779296875,405.7300109863281,411.1000061035156,151770800
2022-05-09,379.9737243652344,398.1700134277344,406.4100036621094,396.5,405.1000061035156,155586100
2022-05-10,380.8516845703125,399.0899963378906,406.0799865722656,394.82000732421875,404.489990234375,132497200
2022-05-11,374.80133056640625,392.75,404.0400085449219,391.9599914550781,398.07000732421875,142361000
2022-05-12,374.4101257324219,392.3399963378906,395.79998779296875,385.1499938964844,389.3699951171875,125090800
2022-05-13,383.3614501953125,401.7200012207031,403.17999267578125,395.6099853515625,396.7099914550781,104174400
2022-05-16,381.8059387207031,400.0899963378906,403.9700012207031,397.6000061035156,399.9800109863281,78622400
2022-05-17,389.6598815917969,408.32000732421875,408.57000732421875,402.5799865722656,406.5299987792969,83029700
2022-05-18,373.9520263671875,391.8599853515625,403.79998779296875,390.54998779296875,403.5,117674500
2022-05-19,371.6617431640625,389.4599914550781,394.1400146484375,387.1099853515625,388.6199951171875,98510700
2022-05-20,371.82403564453125,389.6300048828125,397.0299987792969,380.5400085449219,393.25,131432200
2022-05-23,378.7808837890625,396.9200134277344,397.7300109863281,390.3800048828125,392.8299865722656,76414900
2022-05-24,375.8893127441406,393.8900146484375,395.1499938964844,386.9599914550781,392.55999755859375,91448800
2022-05-25,379.2102355957031,397.3699951171875,399.45001220703125,391.8900146484375,392.30999755859375,91472900
2022-05-26,386.78741455078125,405.30999755859375,407.0400085449219,398.45001220703125,398.6700134277344,82168300
2022-05-27,396.28271484375,415.260009765625,415.3800048828125,407.70001220703125,407.9100036621094,84768700
2022-05-31,394.0591735839844,412.92999267578125,416.4599914550781,410.0299987792969,413.54998779296875,95937000
2022-06-01,390.871826171875,409.5899963378906,416.239990234375,406.92999267578125,415.1700134277344,86585800
2022-06-02,398.3153381347656,417.3900146484375,417.44000244140625,407.0400085449219,409.4200134277344,79609600
2022-06-03,391.7784118652344,410.5400085449219,414.0400085449219,409.510009765625,412.3999938964844,71874300
2022-06-06,392.9712829589844,411.7900085449219,416.6099853515625,410.54998779296875,414.7799987792969,57508900
2022-06-07,396.7407531738281,415.739990234375,416.2200012207031,407.6099853515625,408.1000061035156,59272400
2022-06-08,392.4273681640625,411.2200012207031,415.82000732421875,410.3800048828125,413.92999267578125,64350000
2022-06-09,383.0942687988281,401.44000244140625,411.739990234375,401.44000244140625,409.3399963378906,86289800
2022-06-10,371.9861755371094,389.79998779296875,395.7799987792969,389.75,394.8800048828125,132893900
2022-06-13,357.86260986328125,375.0,381.80999755859375,373.29998779296875,379.8500061035156,170004900
2022-06-14,356.7842102050781,373.8699951171875,377.94000244140625,370.5899963378906,376.8500061035156,104011800
2022-06-15,361.8706359863281,379.20001220703125,383.8999938964844,372.1199951171875,377.3599853515625,125666800
2022-06-16,349.8941955566406,366.6499938964844,370.94000244140625,364.0799865722656,370.510009765625,134473300
2022-06-17,350.6484069824219,365.8599853515625,369.3800048828125,362.1700134277344,365.510009765625,111113900
2022-06-21,359.47552490234375,375.07000732421875,376.5299987792969,371.80999755859375,371.8900146484375,76811900
2022-06-22,358.8238220214844,374.3900146484375,378.7200012207031,370.17999267578125,370.6199951171875,90059400
2022-06-23,362.34124755859375,378.05999755859375,378.8299865722656,372.8900146484375,376.6400146484375,79292100
2022-06-24,373.8614501953125,390.0799865722656,390.0899963378906,381.3699951171875,381.3999938964844,98050300
2022-06-27,372.43341064453125,388.5899963378906,391.3599853515625,387.44000244140625,391.04998779296875,66009600
2022-06-28,364.8235778808594,380.6499938964844,393.1600036621094,380.5299987792969,390.2300109863281,86548900
2022-06-29,364.5263977050781,380.3399963378906,382.2699890136719,378.4200134277344,381.2300109863281,65676000
2022-06-30,361.5648498535156,377.25,380.6600036621094,372.55999755859375,376.239990234375,112508300
2022-07-01,365.3890075683594,381.239990234375,381.70001220703125,373.79998779296875,376.55999755859375,74839700
2022-07-05,366.07904052734375,381.9599914550781,381.9800109863281,372.8999938964844,375.8800048828125,81438000
2022-07-06,367.3154296875,383.25,385.8699951171875,379.6000061035156,382.1099853515625,70426200
2022-07-07,372.8168029785156,388.989990234375,389.8299865722656,383.2699890136719,385.1199951171875,64525900
2022-07-08,372.5100402832031,388.6700134277344,390.6400146484375,385.6600036621094,387.2699890136719,72397800
2022-07-11,368.2546691894531,384.2300109863281,386.8699951171875,383.5,385.8500061035156,58366900
2022-07-12,364.9960021972656,380.8299865722656,386.1600036621094,378.989990234375,383.6499938964844,62219200
2022-07-13,363.07916259765625,378.8299865722656,381.9200134277344,374.6600036621094,375.1000061035156,84224600
2022-07-14,362.19744873046875,377.9100036621094,379.04998779296875,371.0400085449219,373.6099853515625,89704800
2022-07-15,369.1173400878906,385.1300048828125,385.25,380.5400085449219,382.54998779296875,79060400
2022-07-18,366.0694580078125,381.95001220703125,389.0899963378906,380.6600036621094,388.3800048828125,63203600
2022-07-19,375.96038818359375,392.2699890136719,392.8699951171875,385.3900146484375,386.0799865722656,78506000
2022-07-20,378.3564453125,394.7699890136719,396.260009765625,391.0299987792969,392.4700012207031,71843800
2022-07-21,382.20928955078125,398.7900085449219,398.8399963378906,391.6300048828125,394.1600036621094,64903900
2022-07-22,378.6631774902344,395.0899963378906,400.17999267578125,392.75,398.9200134277344,72197300
2022-07-25,379.1231689453125,395.57000732421875,396.4700012207031,393.2099914550781,395.75,53631500
2022-07-26,374.6377868652344,390.8900146484375,394.05999755859375,389.95001220703125,393.8399963378906,52946400
2022-07-27,384.36572265625,401.0400085449219,402.8800048828125,394.04998779296875,394.3599853515625,82342100
2022-07-28,389.1866455078125,406.07000732421875,406.79998779296875,398.1499938964844,401.8900146484375,73966600
2022-07-29,394.8604736328125,411.989990234375,413.0299987792969,406.7699890136719,407.5799865722656,87003700
2022-08-01,393.6911926269531,410.7699890136719,413.4100036621094,408.3999938964844,409.1499938964844,69997500
2022-08-02,391.0939025878906,408.05999755859375,413.0,406.82000732421875,409.1199951171875,63435400
2022-08-03,397.21820068359375,414.45001220703125,415.67999267578125,410.0,410.29998779296875,67820600
2022-08-04,396.94989013671875,414.1700134277344,415.0899963378906,412.44000244140625,414.3699951171875,45656600
2022-08-05,396.2790222167969,413.4700012207031,414.1499938964844,409.6000061035156,409.6600036621094,56814900
2022-08-08,395.81890869140625,412.989990234375,417.6199951171875,411.8299865722656,415.25,53886100
2022-08-09,394.2471008300781,411.3500061035156,412.75,410.2200012207031,412.2200012207031,44931800
2022-08-10,402.5278625488281,419.989990234375,420.1400146484375,416.7200012207031,418.7799987792969,68665700
2022-08-11,402.5278625488281,419.989990234375,424.95001220703125,419.2099914550781,422.989990234375,59489700
2022-08-12,409.3422546386719,427.1000061035156,427.2099914550781,421.0299987792969,422.0299987792969,61694500
2022-08-15,411.029052734375,428.8599853515625,429.4100036621094,424.7099914550781,424.7699890136719,54048300
2022-08-16,411.8341064453125,429.70001220703125,431.7300109863281,426.8800048828125,427.7300109863281,59289000
2022-08-17,408.91094970703125,426.6499938964844,429.5,424.5400085449219,425.9100036621094,63563400
2022-08-18,410.09942626953125,427.8900146484375,428.6099853515625,425.5,426.8599853515625,49023200
2022-08-19,404.5885009765625,422.1400146484375,425.260009765625,421.2200012207031,424.9800109863281,68016900
2022-08-22,396.1639709472656,413.3500061035156,417.2300109863281,412.3999938964844,417.04998779296875,77695600
2022-08-23,395.20550537109375,412.3500061035156,415.4200134277344,411.7699890136719,412.8999938964844,49105200
2022-08-24,396.4705810546875,413.6700134277344,415.1099853515625,411.3900146484375,412.1099853515625,49177800
2022-08-25,402.0678405761719,419.510009765625,419.55999755859375,414.0899963378906,415.239990234375,50942300
2022-08-26,388.4582214355469,405.30999755859375,419.9599914550781,405.25,419.3900146484375,103087000
2022-08-29,385.8896179199219,402.6300048828125,405.8399963378906,401.20001220703125,402.20001220703125,65370800
2022-08-30,381.6534118652344,398.2099914550781,404.1000061035156,396.0,403.8500061035156,85652400
2022-08-31,378.7493896484375,395.17999267578125,401.239990234375,395.0400085449219,399.92999267578125,76029700
2022-09-01,379.9378356933594,396.4200134277344,396.7799987792969,390.0400085449219,392.8900146484375,78740100
2022-09-02,375.9316101074219,392.239990234375,401.55999755859375,390.3299865722656,400.2799987792969,99632100
2022-09-06,374.5132141113281,390.760009765625,394.1199951171875,388.4200134277344,393.1300048828125,76637400
2022-09-07,381.2413024902344,397.7799987792969,398.5899963378906,390.20001220703125,390.42999267578125,70964200
2022-09-08,383.73321533203125,400.3800048828125,400.8599853515625,394.1199951171875,395.3900146484375,80821700
2022-09-09,389.69451904296875,406.6000061035156,407.510009765625,402.4599914550781,402.739990234375,76706900
2022-09-12,393.8829040527344,410.9700012207031,411.7300109863281,408.4599914550781,408.7799987792969,69256300
2022-09-13,376.7558898925781,393.1000061035156,403.1000061035156,391.9200134277344,401.8299865722656,122947100
2022-09-14,378.1935729980469,394.6000061035156,396.20001220703125,391.1199951171875,394.4700012207031,85023700
2022-09-15,373.8998107910156,390.1199951171875,395.9599914550781,388.7799987792969,392.9599914550781,87633800
2022-09-16,371.04736328125,385.55999755859375,386.25,382.1099853515625,384.1400146484375,103084800
2022-09-19,373.9247741699219,388.54998779296875,388.54998779296875,382.17999267578125,382.260009765625,73278500
2022-09-20,369.6326904296875,384.0899963378906,386.1199951171875,381.20001220703125,385.05999755859375,77274900
2022-09-21,363.1848449707031,377.3900146484375,389.30999755859375,377.3800048828125,386.1099853515625,106746600
2022-09-22,360.13421630859375,374.2200012207031,378.29998779296875,373.44000244140625,376.5799865722656,89472600
2022-09-23,354.10028076171875,367.95001220703125,370.6199951171875,363.2900085449219,370.5799865722656,122346900
2022-09-26,350.59716796875,364.30999755859375,370.2099914550781,363.0299987792969,366.4100036621094,92581200
2022-09-27,349.7022399902344,363.3800048828125,370.3999938964844,360.8699951171875,368.0199890136719,108294100
2022-09-28,356.58306884765625,370.5299987792969,372.29998779296875,362.6000061035156,364.3800048828125,110802200
2022-09-29,349.13446044921875,362.7900085449219,367.1099853515625,359.70001220703125,366.80999755859375,112952300
2022-09-30,343.735595703125,357.17999267578125,365.9100036621094,357.0400085449219,361.79998779296875,153711200
2022-10-03,352.8105773925781,366.6099853515625,368.54998779296875,359.2099914550781,361.0799865722656,89756500
2022-10-04,363.74310302734375,377.9700012207031,378.0,366.57000732421875,372.3999938964844,103602800
2022-10-05,362.89617919921875,377.0899963378906,379.4599914550781,370.95001220703125,373.3900146484375,88065700
2022-10-06,359.152587890625,373.20001220703125,378.7200012207031,372.67999267578125,375.6199951171875,82333500
2022-10-07,349.13446044921875,362.7900085449219,373.2900085449219,360.94000244140625,368.9700012207031,107789500
2022-10-10,346.4687194824219,360.0199890136719,364.2099914550781,357.6700134277344,363.9599914550781,76042800
2022-10-11,344.2744445800781,357.739990234375,363.0299987792969,355.7099914550781,358.239990234375,92482800
2022-10-12,343.138916015625,356.55999755859375,359.82000732421875,356.29998779296875,358.1700134277344,76991800
2022-10-13,352.1947326660156,365.9700012207031,367.510009765625,348.1099853515625,349.2099914550781,147254500
2022-10-14,344.1686706542969,357.6300048828125,370.260009765625,356.9599914550781,368.54998779296875,123737000
2022-10-17,353.01275634765625,366.82000732421875,367.9800109863281,357.2799987792969,364.010009765625,93168200
2022-10-18,357.1604919433594,371.1300048828125,375.45001220703125,367.5199890136719,375.1300048828125,97162900
2022-10-19,354.6295166015625,368.5,371.8500061035156,365.54998779296875,368.989990234375,79746900
2022-10-20,351.6557922363281,365.4100036621094,372.6700134277344,364.6099853515625,368.0299987792969,88283100
2022-10-21,360.2015075683594,374.2900085449219,374.79998779296875,363.5400085449219,365.1199951171875,131038400
2022-10-24,364.60919189453125,378.8699951171875,380.05999755859375,373.1099853515625,375.8900146484375,85436900
2022-10-25,370.43145751953125,384.9200134277344,385.25,378.6700134277344,378.7900085449219,78846300
2022-10-26,367.6405944824219,382.0199890136719,387.5799865722656,381.3500061035156,381.6199951171875,104087300
2022-10-27,365.6773986816406,379.9800109863281,385.0,379.3299865722656,383.07000732421875,81971800
2022-10-28,374.3770751953125,389.0199890136719,389.5199890136719,379.67999267578125,379.8699951171875,100302000
2022-10-31,371.6728515625,386.2099914550781,388.3999938964844,385.260009765625,386.44000244140625,96631300
2022-11-01,370.0464782714844,384.5199890136719,390.3900146484375,383.2900085449219,390.1400146484375,85407600
2022-11-02,360.7597351074219,374.8699951171875,388.6300048828125,374.760009765625,383.8999938964844,126990400
2022-11-03,357.0450439453125,371.010009765625,374.20001220703125,368.7900085449219,371.4700012207031,87100100
2022-11-04,362.1839599609375,376.3500061035156,378.8699951171875,370.0,377.0,103505200
2022-11-07,365.64849853515625,379.95001220703125,380.57000732421875,375.5299987792969,377.7099914550781,68286900
2022-11-08,367.621337890625,382.0,385.1199951171875,377.7200012207031,381.1099853515625,84641100
2022-11-09,360.04754638671875,374.1300048828125,381.1400146484375,373.6099853515625,379.92999267578125,78495500
2022-11-10,379.833740234375,394.69000244140625,395.0400085449219,385.6400146484375,388.04998779296875,141455800
2022-11-11,383.5098876953125,398.510009765625,399.3500061035156,393.6099853515625,395.5899963378906,93839900
2022-11-14,380.24749755859375,395.1199951171875,400.17999267578125,394.8299865722656,396.6600036621094,71903500
2022-11-15,383.4906005859375,398.489990234375,402.30999755859375,394.489990234375,401.1499938964844,93194500
2022-11-16,380.5650634765625,395.45001220703125,397.7799987792969,394.7900085449219,396.7799987792969,68508500
2022-11-17,379.4006042480469,394.239990234375,394.95001220703125,390.1400146484375,390.4599914550781,74496300
2022-11-18,381.12322998046875,396.0299987792969,397.80999755859375,393.0400085449219,397.739990234375,92922500
2022-11-21,379.73748779296875,394.5899963378906,395.82000732421875,392.6600036621094,394.6400146484375,51243200
2022-11-22,384.8475646972656,399.8999938964844,400.07000732421875,395.1499938964844,396.6300048828125,60429000
2022-11-23,387.2727966308594,402.4200134277344,402.92999267578125,399.30999755859375,399.54998779296875,68261600
2022-11-25,387.18609619140625,402.3299865722656,402.9100036621094,401.5400085449219,401.8299865722656,30545400
2022-11-28,381.0077819824219,395.9100036621094,400.80999755859375,395.1099853515625,399.0899963378906,67881600
2022-11-29,380.3533935546875,395.2300109863281,397.29998779296875,393.29998779296875,396.04998779296875,52310000
2022-11-30,392.33477783203125,407.67999267578125,407.67999267578125,393.4800109863281,395.489990234375,144566700
2022-12-01,392.0460205078125,407.3800048828125,410.0,404.75,408.7699890136719,76398200
2022-12-02,391.59381103515625,406.9100036621094,407.8599853515625,402.1400146484375,402.25,85342700
2022-12-05,384.54925537109375,399.5899963378906,404.92999267578125,398.1700134277344,403.95001220703125,77289800
2022-12-06,379.0060729980469,393.8299865722656,399.989990234375,391.6400146484375,399.4200134277344,77972200
2022-12-07,378.3612365722656,393.1600036621094,395.6400146484375,391.9700012207031,392.94000244140625,65927900
2022-12-08,381.3253479003906,396.239990234375,397.3599853515625,393.2699890136719,395.1400146484375,60737900
2022-12-09,378.4767761230469,393.2799987792969,397.6199951171875,393.1499938964844,394.94000244140625,81447700
2022-12-12,383.9333801269531,398.95001220703125,398.95001220703125,393.4100036621094,394.1099853515625,75405800
2022-12-13,386.8396911621094,401.9700012207031,410.489990234375,399.07000732421875,410.2200012207031,123782500
2022-12-14,384.3664245605469,399.3999938964844,405.5,396.30999755859375,401.6099853515625,108111300
2022-12-15,374.9642028808594,389.6300048828125,395.25,387.8900146484375,394.29998779296875,117705900
2022-12-16,370.53729248046875,383.2699890136719,386.5799865722656,381.0400085449219,385.17999267578125,119858000
2022-12-19,367.39520263671875,380.0199890136719,383.82000732421875,378.2799987792969,383.4700012207031,79878100
2022-12-20,367.8979797363281,380.5400085449219,382.2300109863281,377.8500061035156,379.2300109863281,74427200
2022-12-21,373.39892578125,386.2300109863281,387.4100036621094,382.69000244140625,383.25,78167400
2022-12-22,368.0719909667969,380.7200012207031,386.2099914550781,374.7699890136719,383.04998779296875,100120900
2022-12-23,370.1892395019531,382.9100036621094,383.05999755859375,378.0299987792969,379.6499938964844,59857300
2022-12-27,368.7293701171875,381.3999938964844,383.1499938964844,379.6499938964844,382.7900085449219,51638200
2022-12-28,364.14691162109375,376.6600036621094,383.3900146484375,376.4200134277344,381.3299865722656,70911500
2022-12-29,370.7016296386719,383.44000244140625,384.3500061035156,379.0799865722656,379.6300048828125,66970900
2022-12-30,369.7251892089844,382.42999267578125,382.5799865722656,378.42999267578125,380.6400146484375,84022200
2023-01-03,368.16864013671875,380.82000732421875,386.42999267578125,377.8299865722656,384.3699951171875,74850700
2023-01-04,371.01104736328125,383.760009765625,385.8800048828125,380.0,383.17999267578125,85934100
2023-01-05,366.77655029296875,379.3800048828125,381.8399963378906,378.760009765625,381.7200012207031,76970500
2023-01-06,375.1875,388.0799865722656,389.25,379.4100036621094,382.6099853515625,104189600
2023-01-09,374.97479248046875,387.8599853515625,393.70001220703125,387.6700134277344,390.3699951171875,73978100
2023-01-10,377.60443115234375,390.5799865722656,390.6499938964844,386.2699890136719,387.25,65358100
2023-01-11,382.3802490234375,395.5199890136719,395.6000061035156,391.3800048828125,392.2300109863281,68881100
2023-01-12,383.7724609375,396.9599914550781,398.489990234375,392.4200134277344,396.6700134277344,90157700
2023-01-13,385.2613220214844,398.5,399.1000061035156,393.3399963378906,393.6199951171875,63903900
2023-01-17,384.5555725097656,397.7699890136719,400.2300109863281,397.05999755859375,398.4800109863281,62677300
2023-01-18,378.48419189453125,391.489990234375,400.1199951171875,391.2799987792969,399.010009765625,99632300
2023-01-19,375.7288818359375,388.6400146484375,391.0799865722656,387.260009765625,389.3599853515625,86958900
2023-01-20,382.72833251953125,395.8800048828125,396.0400085449219,388.3800048828125,390.1000061035156,91806400
2023-01-23,387.320556640625,400.6300048828125,402.6499938964844,395.7200012207031,396.7200012207031,84178800
2023-01-24,386.9048767089844,400.20001220703125,401.1499938964844,397.6400146484375,398.8800048828125,59524900
2023-01-25,387.0498352050781,400.3500061035156,400.70001220703125,393.55999755859375,395.95001220703125,84800300
2023-01-26,391.30364990234375,404.75,404.9200134277344,400.0299987792969,403.1300048828125,72287400
2023-01-27,392.2027893066406,405.67999267578125,408.1600036621094,403.44000244140625,403.6600036621094,68346200
2023-01-30,387.28192138671875,400.5899963378906,405.1300048828125,400.2799987792969,402.79998779296875,74202000
2023-01-31,392.9761962890625,406.4800109863281,406.5299987792969,400.7699890136719,401.1300048828125,86811800
2023-02-01,397.15264892578125,410.79998779296875,413.6700134277344,402.3500061035156,405.2099914550781,101459200
2023-02-02,402.93408203125,416.7799987792969,418.30999755859375,412.8800048828125,414.8599853515625,101654500
2023-02-03,398.6511535644531,412.3500061035156,416.9700012207031,411.0899963378906,411.5899963378906,94736800
2023-02-06,396.2149353027344,409.8299865722656,411.2900085449219,408.1000061035156,409.7900085449219,60295300
2023-02-07,401.3968505859375,415.19000244140625,416.489990234375,407.57000732421875,408.8699951171875,90990700
2023-02-08,397.0076904296875,410.6499938964844,414.5299987792969,409.92999267578125,413.1300048828125,76227500
2023-02-09,393.5659484863281,407.0899963378906,414.57000732421875,405.80999755859375,414.4100036621094,78694900
2023-02-10,394.484375,408.0400085449219,408.44000244140625,405.010009765625,405.8599853515625,70769700
2023-02-13,399.1152038574219,412.8299865722656,412.9700012207031,408.239990234375,408.7200012207031,64913500
2023-02-14,398.93157958984375,412.6400146484375,415.04998779296875,408.510009765625,411.239990234375,88389300
2023-02-15,400.2270812988281,413.9800109863281,414.05999755859375,409.4700012207031,410.3500061035156,61555700
2023-02-16,394.7164306640625,408.2799987792969,412.9100036621094,408.1400146484375,408.7900085449219,76431500
2023-02-17,393.73028564453125,407.260009765625,407.510009765625,404.04998779296875,406.05999755859375,89257800
2023-02-21,385.83172607421875,399.0899963378906,404.1600036621094,398.82000732421875,403.05999755859375,82655900
2023-02-22,385.3000183105469,398.5400085449219,401.1300048828125,397.0199890136719,399.5199890136719,83742300
2023-02-23,387.3495788574219,400.6600036621094,402.20001220703125,396.25,401.55999755859375,96242400
2023-02-24,383.2117919921875,396.3800048828125,397.25,393.6400146484375,395.4200134277344,108194400
2023-02-27,384.5168762207031,397.7300109863281,401.2900085449219,396.75,399.8699951171875,80444700
2023-02-28,383.09576416015625,396.260009765625,399.2799987792969,396.1499938964844,397.2300109863281,96438600
2023-03-01,381.6262512207031,394.739990234375,396.69000244140625,393.3800048828125,395.4100036621094,99706800
2023-03-02,384.59423828125,397.80999755859375,398.69000244140625,392.3299865722656,392.67999267578125,85127800
2023-03-03,390.7622375488281,404.19000244140625,404.45001220703125,399.0299987792969,399.7099914550781,90120000
2023-03-06,391.03302001953125,404.4700012207031,407.45001220703125,404.010009765625,405.04998779296875,72795900
2023-03-07,385.0389404296875,398.2699890136719,404.6700134277344,397.6300048828125,404.4200134277344,108310600
2023-03-08,385.6673583984375,398.9200134277344,399.7099914550781,396.5899963378906,398.3900146484375,74746600
2023-03-09,378.5518493652344,391.55999755859375,401.4800109863281,390.5299987792969,399.739990234375,111945300
2023-03-10,373.0895690917969,385.9100036621094,393.1600036621094,384.32000732421875,390.989990234375,189253000
2023-03-13,372.5578918457031,385.3599853515625,390.3900146484375,380.6499938964844,381.80999755859375,157790000
2023-03-14,378.7162170410156,391.7300109863281,393.45001220703125,387.04998779296875,390.5,149752400
2023-03-15,376.34759521484375,389.2799987792969,389.489990234375,383.7099914550781,385.8900146484375,172996900
2023-03-16,382.95068359375,396.1099853515625,396.4700012207031,386.2900085449219,386.82000732421875,143254200
2023-03-17,378.4729309082031,389.989990234375,394.3999938964844,388.54998779296875,393.2200012207031,140553400
2023-03-20,382.11224365234375,393.739990234375,394.1700134277344,390.07000732421875,390.79998779296875,93055800
2023-03-21,387.1295471191406,398.9100036621094,399.4100036621094,395.5799865722656,397.239990234375,91524200
2023-03-22,380.5303955078125,392.1099853515625,402.489990234375,392.07000732421875,398.7300109863281,111746600
2023-03-23,381.5590515136719,393.1700134277344,399.2900085449219,390.3500061035156,395.0899963378906,119351300
2023-03-24,384.0628662109375,395.75,395.8399963378906,389.3999938964844,391.8399963378906,107682400
2023-03-27,384.7810363769531,396.489990234375,398.9200134277344,395.55999755859375,398.1199951171875,74010400
2023-03-28,383.9173278808594,395.6000061035156,396.489990234375,393.69000244140625,395.7699890136719,62871700
2023-03-29,389.4975280761719,401.3500061035156,401.6000061035156,398.67999267578125,399.92999267578125,77497900
2023-03-30,391.778076171875,403.70001220703125,404.3500061035156,401.760009765625,404.0899963378906,69840000
2023-03-31,397.3000793457031,409.3900146484375,409.70001220703125,404.54998779296875,404.6600036621094,112062600
2023-04-03,398.8139953613281,410.95001220703125,411.3699951171875,408.44000244140625,408.8500061035156,67391100
2023-04-04,396.6013488769531,408.6700134277344,411.9200134277344,407.239990234375,411.6199951171875,66601500
2023-04-05,395.5629577636719,407.6000061035156,408.70001220703125,405.8800048828125,407.9100036621094,65200200
2023-04-06,397.1059875488281,409.19000244140625,409.4800109863281,405.67999267578125,406.7699890136719,63743300
2023-04-10,397.5135803222656,409.6099853515625,409.69000244140625,405.9700012207031,406.6099853515625,63681000
2023-04-11,397.62030029296875,409.7200012207031,411.17999267578125,408.9200134277344,410.260009765625,59297900
2023-04-12,395.9996643066406,408.04998779296875,412.1700134277344,407.44000244140625,411.8699951171875,86420400
2023-04-13,401.2596435546875,413.4700012207031,413.8399963378906,407.989990234375,409.17999267578125,85814800
2023-04-14,400.27935791015625,412.4599914550781,415.0899963378906,410.05999755859375,412.80999755859375,78161500
2023-04-17,401.7156982421875,413.94000244140625,413.9599914550781,411.0899963378906,412.3699951171875,66436400
2023-04-18,401.97772216796875,414.2099914550781,415.7200012207031,412.7799987792969,415.5799865722656,63560000
2023-04-19,401.9097900390625,414.1400146484375,415.0799865722656,412.1600036621094,412.2200012207031,55227300
2023-04-20,399.7165832519531,411.8800048828125,413.70001220703125,410.2699890136719,411.2099914550781,75840400
2023-04-21,400.0271301269531,412.20001220703125,412.67999267578125,410.1700134277344,412.19000244140625,73457400
2023-04-24,400.4444274902344,412.6300048828125,413.07000732421875,410.6000061035156,411.989990234375,64332100
2023-04-25,394.08782958984375,406.0799865722656,411.1600036621094,406.0199890136719,410.5799865722656,97766700
2023-04-26,392.4186096191406,404.3599853515625,407.8399963378906,403.7799987792969,406.7200012207031,80447000
2023-04-27,400.2308654785156,412.4100036621094,412.69000244140625,406.739990234375,407.0,92968400
2023-04-28,403.6469421386719,415.92999267578125,415.94000244140625,411.42999267578125,411.489990234375,89433100
2023-05-01,403.2393493652344,415.510009765625,417.6199951171875,415.2699890136719,415.4700012207031,62122300
2023-05-02,398.7072448730469,410.8399963378906,414.82000732421875,407.82000732421875,414.7699890136719,103998500
2023-05-03,395.9705505371094,408.0199890136719,413.8699951171875,407.7699890136719,411.3599853515625,91531800
2023-05-04,393.16583251953125,405.1300048828125,407.2699890136719,403.739990234375,406.92999267578125,94901900
2023-05-05,400.4444274902344,412.6300048828125,413.7200012207031,408.6400146484375,408.9100036621094,87891800
2023-05-08,400.5511169433594,412.739990234375,413.239990234375,411.2799987792969,412.9700012207031,50046800
2023-05-09,398.79461669921875,410.92999267578125,412.0899963378906,410.69000244140625,411.1300048828125,49220100
2023-05-10,400.6579284667969,412.8500061035156,414.5400085449219,408.8699951171875,413.8800048828125,96142900
2023-05-11,399.95916748046875,412.1300048828125,412.42999267578125,409.9700012207031,411.95001220703125,70157100
2023-05-12,399.43511962890625,411.5899963378906,413.6400146484375,409.07000732421875,413.4200134277344,70481500
2023-05-15,400.8131408691406,413.010009765625,413.42999267578125,410.2300109863281,412.2200012207031,54289400
2023-05-16,398.1346435546875,410.25,412.82000732421875,410.239990234375,411.8599853515625,57705500
2023-05-17,402.9676208496094,415.2300109863281,415.8599853515625,410.6400146484375,412.3500061035156,87287000
2023-05-18,406.84942626953125,419.2300109863281,419.6700134277344,414.6700134277344,414.8999938964844,97177200
2023-05-19,406.25750732421875,418.6199951171875,420.7200012207031,417.3500061035156,420.1700134277344,103793300
2023-05-22,406.4224853515625,418.7900085449219,420.3900146484375,417.3500061035156,418.6400146484375,60745400
2023-05-23,401.86126708984375,414.0899963378906,418.7200012207031,413.67999267578125,417.0799865722656,86383500
2023-05-24,398.9498596191406,411.0899963378906,412.82000732421875,409.8800048828125,412.4200134277344,89213700
2023-05-25,402.40472412109375,414.6499938964844,416.1600036621094,412.4100036621094,414.739990234375,90961600
2023-05-26,407.61614990234375,420.0199890136719,420.7699890136719,415.25,415.3299865722656,93830000
2023-05-30,407.7714538574219,420.17999267578125,422.5799865722656,418.739990234375,422.0299987792969,72216000
2023-05-31,405.5102233886719,417.8500061035156,419.2200012207031,416.2200012207031,418.2799987792969,110811800
2023-06-01,409.3630065917969,421.82000732421875,422.9200134277344,416.7900085449219,418.0899963378906,88865000
2023-06-02,415.2828369140625,427.9200134277344,428.739990234375,423.95001220703125,424.5,91426200
2023-06-05,414.48712158203125,427.1000061035156,429.6199951171875,426.3699951171875,428.2799987792969,65460200
2023-06-06,415.38958740234375,428.0299987792969,428.5799865722656,425.989990234375,426.6700134277344,64022200
2023-06-07,413.95330810546875,426.54998779296875,429.6199951171875,426.1099853515625,428.44000244140625,85373300
2023-06-08,416.4571533203125,429.1300048828125,429.6000061035156,425.82000732421875,426.6199951171875,61952800
2023-06-09,417.20440673828125,429.8999938964844,431.989990234375,428.8699951171875,429.9599914550781,85742800
2023-06-12,420.98919677734375,433.79998779296875,433.8800048828125,430.1700134277344,430.9200134277344,76104300
2023-06-13,423.7647705078125,436.6600036621094,437.3299865722656,434.6300048828125,435.32000732421875,95899700
2023-06-14,424.26934814453125,437.17999267578125,439.05999755859375,433.5899963378906,437.010009765625,100612100
2023-06-15,429.52935791015625,442.6000061035156,443.8999938964844,436.2300109863281,436.3299865722656,110303100
2023-06-16,428.0662536621094,439.4599914550781,443.6099853515625,438.9700012207031,443.0199890136719,114165800
2023-06-20,425.8453369140625,437.17999267578125,438.3699951171875,435.0299987792969,437.45001220703125,76160400
2023-06-21,423.6634521484375,434.94000244140625,436.989990234375,434.3299865722656,436.1600036621094,76982300
2023-06-22,425.1927795410156,436.510009765625,436.6199951171875,433.6000061035156,433.95001220703125,70637200
2023-06-23,421.978271484375,433.2099914550781,435.05999755859375,432.4700012207031,432.92999267578125,92074500
2023-06-26,420.25421142578125,431.44000244140625,434.6099853515625,431.19000244140625,432.6199951171875,72823600
2023-06-27,424.861572265625,436.1700134277344,436.80999755859375,431.8800048828125,432.3500061035156,72813700
2023-06-28,425.0758972167969,436.3900146484375,437.44000244140625,434.4100036621094,435.04998779296875,75636000
2023-06-29,426.7511901855469,438.1099853515625,438.2799987792969,435.5400085449219,435.9599914550781,67882300
2023-06-30,431.78717041015625,443.2799987792969,444.29998779296875,441.1099853515625,441.44000244140625,104964000
2023-07-03,432.28399658203125,443.7900085449219,444.0799865722656,442.6300048828125,442.9200134277344,32793400
2023-07-05,431.6411437988281,443.1300048828125,443.8900146484375,441.8999938964844,441.9100036621094,58418400
2023-07-06,428.2611083984375,439.6600036621094,440.1000061035156,437.05999755859375,439.4200134277344,80658300
2023-07-07,427.1799011230469,438.54998779296875,442.6400146484375,438.29998779296875,438.6300048828125,86134200
2023-07-10,428.2611083984375,439.6600036621094,439.8399963378906,437.5899963378906,438.17999267578125,62443500
2023-07-11,430.9884338378906,442.4599914550781,442.9700012207031,439.44000244140625,440.45001220703125,64463800
2023-07-12,434.4562072753906,446.0199890136719,447.4800109863281,444.9100036621094,446.3900146484375,91924500
2023-07-13,437.9043884277344,449.55999755859375,450.3800048828125,447.45001220703125,447.8999938964844,72425200
2023-07-14,437.6316833496094,449.2799987792969,451.3599853515625,448.489990234375,450.4800109863281,69815800
2023-07-17,439.15118408203125,450.8399963378906,451.92999267578125,449.0799865722656,449.1300048828125,52680200
2023-07-18,442.41436767578125,454.19000244140625,454.8599853515625,450.04998779296875,450.5,80668200
2023-07-19,443.398193359375,455.20001220703125,456.42999267578125,454.1099853515625,455.010009765625,65891700
2023-07-20,440.4565124511719,452.17999267578125,455.1000061035156,451.44000244140625,454.1700134277344,70591600
2023-07-21,440.4565124511719,452.17999267578125,454.1700134277344,452.1700134277344,453.9599914550781,71275600
2023-07-24,442.42413330078125,454.20001220703125,455.0400085449219,452.29998779296875,453.3699951171875,54023400
2023-07-25,443.6319580078125,455.44000244140625,456.739990234375,453.8699951171875,453.9200134277344,55191200
2023-07-26,443.7001953125,455.510009765625,456.989990234375,453.3800048828125,454.4700012207031,71052900
2023-07-27,440.7583923339844,452.489990234375,459.44000244140625,451.54998779296875,459.0199890136719,92194400
2023-07-28,445.0735778808594,456.9200134277344,457.7799987792969,452.489990234375,455.8800048828125,80011800
2023-07-31,445.9210510253906,457.7900085449219,458.1600036621094,456.04998779296875,457.4100036621094,62040400
2023-08-01,444.6449890136719,456.4800109863281,457.25,455.489990234375,456.2699890136719,55291500
2023-08-02,438.45965576171875,450.1300048828125,453.5199890136719,449.3500061035156,453.25,93933400
2023-08-03,437.2030334472656,448.8399963378906,450.7900085449219,447.3699951171875,448.0400085449219,64276100
2023-08-04,435.2257385253906,446.80999755859375,452.8999938964844,446.2699890136719,450.7200012207031,100128900
2023-08-07,439.02459716796875,450.7099914550781,450.8699951171875,447.989990234375,448.7099914550781,58357500
2023-08-08,437.1153869628906,448.75,450.70001220703125,445.2699890136719,448.0799865722656,71361300
2023-08-09,434.19317626953125,445.75,449.20001220703125,444.9599914550781,449.0299987792969,78789600
2023-08-10,434.34906005859375,445.9100036621094,451.70001220703125,444.70001220703125,448.19000244140625,93005500
2023-08-11,434.0957946777344,445.6499938964844,446.70001220703125,443.3500061035156,443.9700012207031,68690900
2023-08-14,436.49200439453125,448.1099853515625,448.1099853515625,444.3800048828125,444.70001220703125,47867400
2023-08-15,431.4073791503906,442.8900146484375,446.6400146484375,442.29998779296875,446.2699890136719,75707500
2023-08-16,428.24163818359375,439.6400146484375,444.17999267578125,439.5299987792969,442.4599914550781,80107200
2023-08-17,424.97845458984375,436.2900085449219,441.42999267578125,435.75,441.1600036621094,95711300
2023-08-18,425.1830139160156,436.5,437.57000732421875,433.010009765625,433.3699951171875,98852000
2023-08-21,427.9493713378906,439.3399963378906,440.1099853515625,435.32000732421875,437.54998779296875,68719000
2023-08-22,426.79022216796875,438.1499938964844,441.17999267578125,437.57000732421875,441.17999267578125,64994200
2023-08-23,431.5437316894531,443.0299987792969,443.6700134277344,439.1000061035156,439.25,68441000
2023-08-24,425.5628662109375,436.8900146484375,445.2200012207031,436.8599853515625,444.69000244140625,88517300
2023-08-25,428.5630187988281,439.9700012207031,441.29998779296875,435.0,438.67999267578125,102325100
2023-08-28,431.28070068359375,442.760009765625,443.3999938964844,439.9700012207031,442.239990234375,61595400
2023-08-29,437.5147705078125,449.1600036621094,449.45001220703125,442.4599914550781,442.6499938964844,83081900
2023-08-30,439.31683349609375,451.010009765625,451.6700134277344,448.7799987792969,449.510009765625,69053900
2023-08-31,438.6739196777344,450.3500061035156,452.8299865722656,450.1600036621094,451.6499938964844,66084600
2023-09-01,439.4921569824219,451.19000244140625,453.6700134277344,449.67999267578125,453.1700134277344,58944100
2023-09-05,437.59271240234375,449.239990234375,451.05999755859375,449.1700134277344,450.7300109863281,55166200
2023-09-06,434.65093994140625,446.2200012207031,448.510009765625,443.80999755859375,448.3999938964844,70758500
2023-09-07,433.3165588378906,444.8500061035156,445.54998779296875,442.75,443.1099853515625,70355400
2023-09-08,433.9691467285156,445.5199890136719,447.1099853515625,444.5299987792969,444.8999938964844,61659700
2023-09-11,436.8232116699219,448.45001220703125,448.7699890136719,446.4700012207031,448.239990234375,60180100
2023-09-12,434.42694091796875,445.989990234375,448.5299987792969,445.3900146484375,446.95001220703125,67565400
2023-09-13,434.9335021972656,446.510009765625,447.7099914550781,445.0799865722656,446.2200012207031,60199300
2023-09-14,438.68365478515625,450.3599853515625,451.0799865722656,447.7200012207031,449.07000732421875,83430800
2023-09-15,433.39825439453125,443.3699951171875,447.4800109863281,442.9200134277344,447.1400146484375,111848900
2023-09-18,433.65240478515625,443.6300048828125,444.9700012207031,442.55999755859375,443.04998779296875,55752200
2023-09-19,432.7530517578125,442.7099914550781,443.2900085449219,439.94000244140625,442.67999267578125,66514600
2023-09-20,428.774658203125,438.6400146484375,444.44000244140625,438.42999267578125,444.010009765625,82562600
2023-09-21,421.6877136230469,431.3900146484375,435.9700012207031,431.2300109863281,435.70001220703125,104095800
2023-09-22,420.73956298828125,430.4200134277344,434.1000061035156,429.989990234375,432.45001220703125,100829700
2023-09-25,422.5087890625,432.2300109863281,432.2699890136719,428.7200012207031,429.1700134277344,70874500
2023-09-26,416.3016052246094,425.8800048828125,429.82000732421875,425.0199890136719,429.0899963378906,96168400
2023-09-27,416.4678039550781,426.04998779296875,427.6700134277344,422.2900085449219,427.0899963378906,104705800
2023-09-28,418.88226318359375,428.5199890136719,430.25,424.8699951171875,425.4800109863281,92258300
2023-09-29,417.8656921386719,427.4800109863281,431.8500061035156,425.9100036621094,431.6700134277344,115111300
2023-10-02,417.699462890625,427.30999755859375,428.6000061035156,424.4599914550781,426.6199951171875,83798600
2023-10-03,412.10809326171875,421.5899963378906,427.3699951171875,420.17999267578125,425.05999755859375,103760600
2023-10-04,415.1091003417969,424.6600036621094,425.42999267578125,420.55999755859375,422.07000732421875,87453000
2023-10-05,414.9526672363281,424.5,425.3699951171875,421.1700134277344,424.3599853515625,70142700
2023-10-06,419.8793029785156,429.5400085449219,431.1300048828125,420.6000061035156,421.9700012207031,113273300
2023-10-09,422.5674743652344,432.2900085449219,432.8800048828125,427.010009765625,427.5799865722656,80374400
2023-10-10,424.766845703125,434.5400085449219,437.2200012207031,432.5299987792969,432.94000244140625,78607300
2023-10-11,426.5068359375,436.32000732421875,436.5799865722656,433.17999267578125,435.6400146484375,62451700
2023-10-12,423.9066467285156,433.6600036621094,437.3399963378906,431.2300109863281,436.95001220703125,81154200
2023-10-13,421.79522705078125,431.5,436.45001220703125,429.8800048828125,435.2099914550781,95143100
2023-10-16,426.2331237792969,436.0400085449219,437.1400146484375,433.57000732421875,433.82000732421875,75433200
2023-10-17,426.2135925292969,436.0199890136719,438.1400146484375,432.45001220703125,432.80999755859375,75324700
2023-10-18,420.53424072265625,430.2099914550781,435.17999267578125,429.0899963378906,434.19000244140625,93559800
2023-10-19,416.8392028808594,426.42999267578125,432.82000732421875,425.7300109863281,430.95001220703125,121323000
2023-10-20,411.7171325683594,421.19000244140625,426.5400085449219,421.0799865722656,425.9800109863281,123919900
2023-10-23,411.0035095214844,420.4599914550781,424.45001220703125,417.79998779296875,419.6099853515625,92035100
2023-10-24,414.10223388671875,423.6300048828125,424.82000732421875,420.739990234375,422.6499938964844,78564200
2023-10-25,408.1589660644531,417.54998779296875,421.9200134277344,417.0199890136719,421.8900146484375,94223200
2023-10-26,403.2713928222656,412.54998779296875,417.3299865722656,411.6000061035156,416.45001220703125,115156800
2023-10-27,401.4434509277344,410.67999267578125,414.6000061035156,409.2099914550781,414.19000244140625,107367700
2023-10-30,406.2430725097656,415.5899963378906,416.67999267578125,412.2200012207031,413.55999755859375,86562700
2023-10-31,408.7943420410156,418.20001220703125,418.5299987792969,414.2099914550781,416.17999267578125,79665200
2023-11-01,413.154052734375,422.6600036621094,423.5,418.6499938964844,419.20001220703125,98068100
2023-11-02,421.0718688964844,430.760009765625,430.9200134277344,426.55999755859375,426.5799865722656,94938900
2023-11-03,424.91351318359375,434.69000244140625,436.2900085449219,433.010009765625,433.1400146484375,100167800
2023-11-06,425.8909912109375,435.69000244140625,436.1499938964844,433.67999267578125,435.4700012207031,67831700
2023-11-07,427.10308837890625,436.92999267578125,437.5899963378906,434.510009765625,435.69000244140625,64256100
2023-11-08,427.4159240722656,437.25,438.0899963378906,434.8699951171875,437.54998779296875,61746000
2023-11-09,424.0826416015625,433.8399963378906,438.4700012207031,433.3999938964844,438.42999267578125,83174400
2023-11-10,430.7002868652344,440.6099853515625,440.92999267578125,433.8299865722656,435.9800109863281,89462200
2023-11-13,430.2898254394531,440.19000244140625,441.3299865722656,438.4200134277344,439.2300109863281,52236100
2023-11-14,438.6377258300781,448.7300109863281,450.05999755859375,446.0899963378906,446.32000732421875,97176900
2023-11-15,439.5663757324219,449.67999267578125,451.3800048828125,448.79998779296875,450.1099853515625,77327600
2023-11-16,440.10400390625,450.2300109863281,450.55999755859375,448.1199951171875,449.2200012207031,66665800
2023-11-17,440.6513671875,450.7900085449219,451.4200134277344,449.2900085449219,450.239990234375,83133200
2023-11-20,444.0433349609375,454.260009765625,455.1300048828125,450.5199890136719,450.5299987792969,69936200
2023-11-21,443.0755920410156,453.2699890136719,454.1300048828125,451.9599914550781,453.17999267578125,49244600
2023-11-22,444.7862548828125,455.0199890136719,456.3800048828125,453.8900146484375,454.9800109863281,59394900
2023-11-24,445.0599060058594,455.29998779296875,455.5,454.7300109863281,455.07000732421875,29737400
2023-11-27,444.2583923339844,454.4800109863281,455.489990234375,454.0799865722656,454.6499938964844,50506000
2023-11-28,444.6982421875,454.92999267578125,456.2699890136719,453.5,454.0799865722656,62115000
2023-11-29,444.385498046875,454.6099853515625,458.32000732421875,454.20001220703125,457.1499938964844,63146000
2023-11-30,446.1352233886719,456.3999938964844,456.760009765625,453.3399963378906,455.4800109863281,79752700
2023-12-01,448.77447509765625,459.1000061035156,459.6499938964844,455.1600036621094,455.7699890136719,89183400
2023-12-04,446.418701171875,456.69000244140625,459.1199951171875,454.3399963378906,455.6000061035156,72430900
2023-12-05,446.3307189941406,456.6000061035156,457.5899963378906,454.8699951171875,455.260009765625,69793500
2023-12-06,444.5321044921875,454.760009765625,458.8399963378906,454.30999755859375,458.80999755859375,69124700
2023-12-07,447.924072265625,458.2300109863281,458.8999938964844,456.2900085449219,456.9100036621094,66995400
2023-12-08,449.8497619628906,460.20001220703125,460.75,457.2099914550781,457.4599914550781,83194400
2023-12-11,451.5994567871094,461.989990234375,462.1700134277344,459.4700012207031,459.69000244140625,65002200
2023-12-12,453.66204833984375,464.1000061035156,464.20001220703125,460.6000061035156,461.6300048828125,68327600
2023-12-13,459.9180603027344,470.5,470.760009765625,464.1199951171875,464.489990234375,93278000
2023-12-14,461.39410400390625,472.010009765625,473.7300109863281,469.25,472.5,119026000
2023-12-15,460.63446044921875,469.3299865722656,470.70001220703125,467.42999267578125,469.489990234375,141553700
2023-12-18,463.2255554199219,471.9700012207031,472.9800109863281,469.8900146484375,470.9800109863281,70375300
2023-12-19,466.0423583984375,474.8399963378906,474.9200134277344,472.45001220703125,472.5299987792969,55761800
2023-12-20,459.5842590332031,468.260009765625,475.8999938964844,467.82000732421875,473.9599914550781,102921000
2023-12-21,463.9420471191406,472.70001220703125,472.9800109863281,468.8399963378906,471.3299865722656,86667500
2023-12-22,464.8744201660156,473.6499938964844,475.3800048828125,471.70001220703125,473.8599853515625,67160400
2023-12-26,466.83734130859375,475.6499938964844,476.5799865722656,473.989990234375,474.07000732421875,55387000
2023-12-27,467.68145751953125,476.510009765625,476.6600036621094,474.8900146484375,475.44000244140625,68000300
2023-12-28,467.8581237792969,476.69000244140625,477.54998779296875,476.260009765625,476.8800048828125,77158100
2023-12-29,466.5036926269531,475.30999755859375,477.0299987792969,473.29998779296875,476.489990234375,122283100
2024-01-02,463.8929443359375,472.6499938964844,473.6700134277344,470.489990234375,472.1600036621094,123623700
2024-01-03,460.1044921875,468.7900085449219,471.19000244140625,468.1700134277344,470.42999267578125,103585900
2024-01-04,458.6224060058594,467.2799987792969,470.9599914550781,467.04998779296875,468.29998779296875,84232200
2024-01-05,459.2506103515625,467.9200134277344,470.44000244140625,466.42999267578125,467.489990234375,86118900
2024-01-08,465.8067932128906,474.6000061035156,474.75,468.29998779296875,468.42999267578125,74879100
2024-01-09,465.10015869140625,473.8800048828125,474.92999267578125,471.3500061035156,471.8699951171875,65931400
2024-01-10,467.73052978515625,476.55999755859375,477.45001220703125,473.8699951171875,474.1600036621094,67310600
2024-01-11,467.5244140625,476.3500061035156,478.1199951171875,472.260009765625,477.5899963378906,77940700
2024-01-12,467.8482971191406,476.67999267578125,478.6000061035156,475.2300109863281,477.8399963378906,58026400
2024-01-16,466.1307067871094,474.92999267578125,476.6099853515625,473.05999755859375,475.260009765625,85014900
2024-01-17,463.5396423339844,472.2900085449219,472.7900085449219,469.8699951171875,471.82000732421875,68843900
2024-01-18,467.6617736816406,476.489990234375,477.05999755859375,472.4200134277344,474.010009765625,91856200
2024-01-19,473.4917297363281,482.42999267578125,482.7200012207031,476.5400085449219,477.6499938964844,110834500
2024-01-22,474.4928894042969,483.45001220703125,485.2200012207031,482.7799987792969,484.010009765625,75844900
2024-01-23,475.876708984375,484.8599853515625,485.1099853515625,482.8900146484375,484.010009765625,49945300
2024-01-24,476.39691162109375,485.3900146484375,488.7699890136719,484.8800048828125,487.80999755859375,81765000
2024-01-25,478.98797607421875,488.0299987792969,488.30999755859375,485.3900146484375,487.5799865722656,72525000
2024-01-26,478.3794860839844,487.4100036621094,489.1199951171875,486.5400085449219,487.5899963378906,76641600
2024-01-29,482.16796875,491.2699890136719,491.4200134277344,487.1700134277344,487.7300109863281,61322800
2024-01-30,481.7950744628906,490.8900146484375,491.6199951171875,490.1099853515625,490.55999755859375,58618400
2024-01-31,473.93341064453125,482.8800048828125,489.0799865722656,482.8599853515625,488.6199951171875,126011100
2024-02-01,480.1363830566406,489.20001220703125,489.2300109863281,483.79998779296875,484.6300048828125,91891600
2024-02-02,485.1908874511719,494.3500061035156,496.04998779296875,489.29998779296875,489.6499938964844,99228200
2024-02-05,483.42425537109375,492.54998779296875,494.3800048828125,490.2300109863281,493.70001220703125,75757100
2024-02-06,484.8277587890625,493.9800109863281,494.32000732421875,492.04998779296875,493.5199890136719,55918600
2024-02-07,488.8714599609375,498.1000061035156,498.5299987792969,495.3599853515625,496.2900085449219,70556500
2024-02-08,489.08734130859375,498.32000732421875,498.7099914550781,497.260009765625,498.1000061035156,52343600
2024-02-09,491.91400146484375,501.20001220703125,501.6499938964844,498.489990234375,498.8399963378906,63979400
2024-02-12,491.69805908203125,500.9800109863281,503.5,500.239990234375,501.1700134277344,56502300
2024-02-13,484.9258728027344,494.0799865722656,497.0899963378906,490.7200012207031,494.5299987792969,113099200
2024-02-14,489.33270263671875,498.57000732421875,499.07000732421875,494.3999938964844,496.7900085449219,68387800
2024-02-15,492.7090148925781,502.010009765625,502.20001220703125,498.79998779296875,499.2900085449219,61683000
2024-02-16,490.2553405761719,499.510009765625,502.8699951171875,498.75,501.70001220703125,75532900
2024-02-20,487.5562438964844,496.760009765625,498.4100036621094,494.45001220703125,497.7200012207031,71736700
2024-02-21,487.9978942871094,497.2099914550781,497.3699951171875,493.55999755859375,495.4200134277344,59293400
2024-02-22,498.09722900390625,507.5,508.489990234375,503.0199890136719,504.010009765625,76402500
2024-02-23,498.4407958984375,507.8500061035156,510.1300048828125,507.1000061035156,509.2699890136719,61321800
2024-02-26,496.615234375,505.989990234375,508.75,505.8599853515625,508.29998779296875,50386700
2024-02-27,497.537841796875,506.92999267578125,507.1600036621094,504.75,506.70001220703125,48854500
2024-02-28,496.8802795410156,506.260009765625,506.8599853515625,504.9599914550781,505.3299865722656,56506600
2024-02-29,498.6665344238281,508.0799865722656,509.739990234375,505.3500061035156,508.07000732421875,83924800
2024-03-01,503.3481140136719,512.8499755859375,513.2899780273438,508.55999755859375,508.9800109863281,76844800
2024-03-04,502.8083190917969,512.2999877929688,514.2000122070312,512.0,512.030029296875,49799300
2024-03-05,497.783203125,507.17999267578125,510.70001220703125,504.9100036621094,510.239990234375,72855600
2024-03-06,500.3055725097656,509.75,512.0700073242188,508.4200134277344,510.54998779296875,68382400
2024-03-07,505.2718200683594,514.8099975585938,515.8900146484375,509.80999755859375,513.1400146484375,58652100
2024-03-08,502.2390441894531,511.7200012207031,518.219970703125,511.1300048828125,515.4600219726562,86532500
2024-03-11,501.8072509765625,511.2799987792969,511.8800048828125,508.5,510.4800109863281,62557200
2024-03-12,507.20526123046875,516.780029296875,517.3800048828125,510.8599853515625,513.4500122070312,73114400
2024-03-13,506.4103088378906,515.969970703125,517.2899780273438,514.489990234375,517.1099853515625,55104100
2024-03-14,505.40924072265625,514.9500122070312,517.1300048828125,511.82000732421875,516.969970703125,110171800
2024-03-15,501.9388122558594,509.8299865722656,511.70001220703125,508.1199951171875,510.2099914550781,107646300
2024-03-18,504.9219055175781,512.8599853515625,515.47998046875,512.4400024414062,514.0,88893300
2024-03-19,507.7278137207031,515.7100219726562,516.0,511.1199951171875,512.1500244140625,60755300
2024-03-20,512.4238891601562,520.47998046875,520.6199951171875,515.0800170898438,515.77001953125,69594600
2024-03-21,514.1173095703125,522.2000122070312,524.1099853515625,521.9099731445312,523.3900146484375,60256100
2024-03-22,513.1427001953125,521.2100219726562,522.6099853515625,520.969970703125,522.1099853515625,79070800
2024-03-25,511.7249755859375,519.77001953125,520.9500122070312,519.6099853515625,519.7999877929688,48512100
2024-03-26,510.77984619140625,518.8099975585938,521.5800170898438,518.4000244140625,521.22998046875,65463700
2024-03-27,515.0723266601562,523.1699829101562,523.2100219726562,519.489990234375,521.7100219726562,82999800
2024-03-28,514.973876953125,523.0700073242188,524.6099853515625,522.780029296875,523.2100219726562,96294900
2024-04-01,514.077880859375,522.1599731445312,524.3800048828125,520.969970703125,523.8300170898438,62477500
2024-04-02,510.8094177246094,518.8400268554688,518.97998046875,516.47998046875,518.239990234375,74230300
2024-04-03,511.3705139160156,519.4099731445312,520.9500122070312,517.6699829101562,517.719970703125,59155800
2024-04-04,505.128662109375,513.0700073242188,523.8699951171875,512.760009765625,523.52001953125,96858100
2024-04-05,510.4056701660156,518.4299926757812,520.4400024414062,514.010009765625,514.4600219726562,74546500
2024-04-08,510.691162109375,518.719970703125,520.1799926757812,517.8900146484375,519.1500244140625,48401800
2024-04-09,511.2818908691406,519.3200073242188,520.75,514.3499755859375,520.5,68049200
2024-04-10,506.16241455078125,514.1199951171875,516.1599731445312,512.0900268554688,513.47998046875,82652800
2024-04-11,509.9823303222656,518.0,519.47998046875,512.0800170898438,515.6799926757812,70099000
2024-04-12,502.9429931640625,510.8500061035156,515.8200073242188,509.0799865722656,514.3699951171875,92561100
2024-04-15,496.64208984375,504.45001220703125,515.2999877929688,503.5799865722656,515.1300048828125,92101400
2024-04-16,495.7362976074219,503.5299987792969,506.5,502.2099914550781,504.94000244140625,73484000
2024-04-17,492.80242919921875,500.54998779296875,506.2200012207031,499.1199951171875,506.04998779296875,75910300
2024-04-18,491.78839111328125,499.5199890136719,504.1300048828125,498.55999755859375,501.9800109863281,74548100
2024-04-19,487.4958801269531,495.1600036621094,500.4599914550781,493.8599853515625,499.44000244140625,102212600
2024-04-22,491.9853210449219,499.7200012207031,502.3800048828125,495.42999267578125,497.8299865722656,67961000
2024-04-23,497.823486328125,505.6499938964844,506.0899963378906,499.5299987792969,501.7799987792969,64633600
2024-04-24,497.5872497558594,505.4100036621094,507.3699951171875,503.1300048828125,506.55999755859375,55928100
2024-04-25,495.6969299316406,503.489990234375,504.2699890136719,497.489990234375,499.17999267578125,69122400
2024-04-26,500.39312744140625,508.260009765625,509.8800048828125,505.70001220703125,506.3500061035156,64306100
2024-04-29,502.16522216796875,510.05999755859375,510.75,507.25,510.0899963378906,46415400
2024-04-30,494.2103576660156,501.9800109863281,509.55999755859375,501.9800109863281,508.55999755859375,77483600
2024-05-01,492.6055603027344,500.3500061035156,508.19000244140625,499.8699951171875,501.3800048828125,80242800
2024-05-02,497.21307373046875,505.0299987792969,505.8900146484375,499.54998779296875,504.1499938964844,62550200
2024-05-03,503.376220703125,511.2900085449219,512.5499877929688,508.55999755859375,511.1600036621094,72756700
2024-05-06,508.5744323730469,516.5700073242188,516.6099853515625,513.2999877929688,513.75,47264700
2024-05-07,509.13568115234375,517.1400146484375,518.5700073242188,516.4500122070312,517.5599975585938,52561300
2024-05-08,509.1848449707031,517.1900024414062,517.739990234375,515.1400146484375,515.260009765625,42047200
2024-05-09,512.1187133789062,520.1699829101562,520.2100219726562,516.7100219726562,517.3800048828125,43643700
2024-05-10,512.7784423828125,520.8400268554688,522.6400146484375,519.5900268554688,521.8099975585938,52233200
2024-05-13,512.8472900390625,520.9099731445312,522.6699829101562,519.739990234375,522.5599975585938,36716400
2024-05-14,515.2003173828125,523.2999877929688,523.8300170898438,520.5599975585938,521.1099853515625,57535900
2024-05-15,521.5800170898438,529.780029296875,530.0800170898438,525.1799926757812,525.8300170898438,59504900
2024-05-16,520.5068969726562,528.6900024414062,531.52001953125,528.5399780273438,529.8800048828125,50244800
2024-05-17,521.255126953125,529.4500122070312,529.52001953125,527.3200073242188,528.8099975585938,59187600
2024-05-20,521.8556518554688,530.0599975585938,531.5599975585938,529.1699829101562,529.5700073242188,37764200
2024-05-21,523.1356201171875,531.3599853515625,531.52001953125,529.0700073242188,529.280029296875,33437000
2024-05-22,521.6293334960938,529.8300170898438,531.3800048828125,527.5999755859375,530.6500244140625,48390000
2024-05-23,517.8192138671875,525.9600219726562,533.0700073242188,524.719970703125,532.9600219726562,57211200
2024-05-24,521.2453002929688,529.4400024414062,530.27001953125,526.8800048828125,527.8499755859375,41291100
2024-05-28,521.609619140625,529.8099975585938,530.510009765625,527.1099853515625,530.27001953125,36269600
2024-05-29,517.9569091796875,526.0999755859375,527.3099975585938,525.3699951171875,525.6799926757812,45190300
2024-05-30,514.52099609375,522.6099853515625,525.2000122070312,521.3300170898438,524.52001953125,46377600
2024-05-31,519.207275390625,527.3699951171875,527.5,518.3599853515625,523.5900268554688,90785800
2024-06-03,519.6306762695312,527.7999877929688,529.3099975585938,522.5999755859375,529.02001953125,46835700
2024-06-04,520.2115478515625,528.3900146484375,529.1500244140625,524.9600219726562,526.4600219726562,34632700
2024-06-05,526.394287109375,534.6699829101562,534.6900024414062,528.72998046875,530.77001953125,47610400
2024-06-06,526.384521484375,534.6599731445312,535.4199829101562,532.6799926757812,534.97998046875,30808500
2024-06-07,525.7445678710938,534.010009765625,536.8900146484375,532.5399780273438,533.6599731445312,43224500
2024-06-10,527.368896484375,535.6599731445312,535.989990234375,532.5700073242188,533.1799926757812,35686100
2024-06-11,528.6390380859375,536.9500122070312,537.010009765625,532.0499877929688,534.0700073242188,36383400
2024-06-12,532.9808349609375,541.3599853515625,544.1199951171875,540.2999877929688,541.6300048828125,63251300
2024-06-13,534.0538940429688,542.4500122070312,543.3300170898438,539.5900268554688,543.1500244140625,44760900
2024-06-14,534.37890625,542.780029296875,542.8099975585938,539.8499755859375,540.8800048828125,40089900
2024-06-17,538.6318969726562,547.0999755859375,548.530029296875,541.6099853515625,542.0800170898438,55839500
2024-06-18,540.0004272460938,548.489990234375,548.6199951171875,546.72998046875,547.1599731445312,41376400
2024-06-20,538.5335083007812,547.0,550.1199951171875,545.1799926757812,549.4400024414062,70328200
2024-06-21,537.8114624023438,544.510009765625,545.6500244140625,543.02001953125,544.4000244140625,64338600
2024-06-24,536.063232421875,542.739990234375,546.9500122070312,542.6199951171875,544.3300170898438,45528700
2024-06-25,538.1276245117188,544.8300170898438,545.2000122070312,542.4400024414062,543.989990234375,37936200
2024-06-26,538.7991943359375,545.510009765625,546.239990234375,543.030029296875,543.6900024414062,38550600
2024-06-27,539.6485595703125,546.3699951171875,546.9600219726562,544.6099853515625,545.3699951171875,35041500
2024-06-28,537.5250244140625,544.219970703125,550.280029296875,542.9500122070312,547.1599731445312,76144500
2024-07-01,538.6312866210938,545.3400268554688,545.8800048828125,542.52001953125,545.6300048828125,40297800
2024-07-02,542.2561645507812,549.010009765625,549.010009765625,543.6500244140625,543.7000122070312,40434800
2024-07-03,544.676025390625,551.4600219726562,551.8300170898438,548.6500244140625,548.6900024414062,32789900
2024-07-05,547.81689453125,554.6400146484375,555.0499877929688,551.1199951171875,551.77001953125,41488400
2024-07-08,548.4490356445312,555.280029296875,556.25,554.1900024414062,555.4400024414062,36110500
2024-07-09,548.9822998046875,555.8200073242188,557.1799926757812,555.52001953125,556.260009765625,27289700
2024-07-10,554.4147338867188,561.3200073242188,561.6699829101562,556.77001953125,557.0700073242188,38701200
2024-07-11,549.63427734375,556.47998046875,562.3300170898438,555.8300170898438,561.4400024414062,53054200
2024-07-12,553.1010131835938,559.989990234375,563.6699829101562,557.1500244140625,557.6300048828125,53084400
2024-07-15,554.6220703125,561.530029296875,564.8400268554688,559.6300048828125,562.030029296875,40584300
2024-07-16,557.9110717773438,564.8599853515625,565.1599731445312,562.0999755859375,562.8699951171875,36475300
2024-07-17,550.0885620117188,556.9400024414062,560.510009765625,556.6099853515625,558.7999877929688,57119000
2024-07-18,545.8612060546875,552.6599731445312,559.52001953125,550.4299926757812,558.510009765625,56270400
2024-07-19,542.2363891601562,548.989990234375,554.0800170898438,547.9099731445312,552.4199829101562,65509100
2024-07-22,547.8267822265625,554.6500244140625,555.27001953125,551.02001953125,553.0,43346700
2024-07-23,546.9674682617188,553.780029296875,556.739990234375,553.280029296875,554.5399780273438,34439600
2024-07-24,534.57177734375,541.22998046875,549.1699829101562,540.2899780273438,548.8599853515625,74515300
2024-07-25,531.7865600585938,538.4099731445312,547.4600219726562,537.4500122070312,541.3499755859375,61158300
2024-07-26,537.7423095703125,544.4400024414062,547.1900024414062,541.489990234375,542.280029296875,53763800
2024-07-29,538.0584106445312,544.760009765625,547.0499877929688,542.719970703125,546.02001953125,39515800
2024-07-30,535.3323364257812,542.0,547.3400268554688,538.52001953125,546.260009765625,46853600
2024-07-31,544.0339965820312,550.8099975585938,553.5,547.5800170898438,548.97998046875,65663400
2024-08-01,536.3298950195312,543.010009765625,554.8699951171875,539.4299926757812,552.5700073242188,76428700
2024-08-02,526.3443603515625,532.9000244140625,536.989990234375,528.5999755859375,535.75,82789100
2024-08-05,511.0152587890625,517.3800048828125,523.5800170898438,510.2699890136719,511.6400146484375,146267400
2024-08-06,515.7265625,522.1500244140625,529.75,517.8699951171875,519.219970703125,84826300
2024-08-07,512.2794189453125,518.6599731445312,531.5900268554688,518.0499877929688,528.469970703125,70698300
2024-08-08,524.1219482421875,530.6500244140625,531.2899780273438,521.8400268554688,523.9099731445312,63276600
2024-08-09,526.4331665039062,532.989990234375,534.510009765625,528.5599975585938,529.8099975585938,45619600
2024-08-12,526.7098388671875,533.27001953125,535.72998046875,530.9500122070312,534.2100219726562,42542100
2024-08-13,535.371826171875,542.0399780273438,542.280029296875,536.280029296875,536.530029296875,52333100
2024-08-14,537.0609130859375,543.75,544.9600219726562,540.1199951171875,542.8499755859375,42446900
2024-08-15,546.2661743164062,553.0700073242188,553.3599853515625,548.8800048828125,549.5,60846800
2024-08-16,547.490966796875,554.3099975585938,555.02001953125,551.260009765625,551.4199829101562,44430700
2024-08-19,552.7257690429688,559.6099853515625,559.6099853515625,553.8599853515625,554.72998046875,39121800
2024-08-20,551.8269653320312,558.7000122070312,560.8400268554688,557.3300170898438,559.1500244140625,33732300
2024-08-21,553.7232666015625,560.6199951171875,562.1099853515625,554.72998046875,559.77001953125,41514600
2024-08-22,549.37744140625,556.219970703125,563.1799926757812,554.97998046875,562.5599975585938,56121500
2024-08-23,555.2147216796875,562.1300048828125,563.0900268554688,557.2899780273438,559.530029296875,50639400
2024-08-26,553.8912353515625,560.7899780273438,563.9099731445312,559.0499877929688,563.1799926757812,35788600
2024-08-27,554.6517944335938,561.5599975585938,562.0599975585938,558.3200073242188,559.489990234375,32693900
2024-08-28,551.4318237304688,558.2999877929688,561.6500244140625,555.0399780273438,561.2100219726562,41066000
2024-08-29,551.481201171875,558.3499755859375,563.6799926757812,557.1799926757812,560.3099975585938,38715200
2024-08-30,556.74560546875,563.6799926757812,564.2000122070312,557.1400146484375,560.77001953125,62700100
2024-09-03,545.288330078125,552.0800170898438,560.8099975585938,549.510009765625,560.469970703125,60600100
2024-09-04,544.1723022460938,550.9500122070312,554.4299926757812,549.4600219726562,550.2000122070312,47224900
2024-09-05,542.8487548828125,549.6099853515625,553.7999877929688,547.0999755859375,550.8900146484375,44264300
2024-09-06,533.7125244140625,540.3599853515625,551.5999755859375,539.4400024414062,549.9400024414062,68493800
2024-09-09,539.6880493164062,546.4099731445312,547.7100219726562,542.6799926757812,544.6500244140625,40445800
2024-09-10,542.038818359375,548.7899780273438,549.1500244140625,543.3800048828125,548.3599853515625,36394600
2024-09-11,547.5995483398438,554.4199829101562,555.3599853515625,539.9600219726562,548.7000122070312,75248600
2024-09-12,552.212158203125,559.0900268554688,559.4000244140625,552.739990234375,555.010009765625,51819600
2024-09-13,555.09619140625,562.010009765625,563.030029296875,559.4500122070312,559.7100219726562,39310500
2024-09-16,555.916015625,562.8400268554688,563.1099853515625,559.9000244140625,561.739990234375,36656100
2024-09-17,556.1431884765625,563.0700073242188,566.5800170898438,560.7899780273438,565.0999755859375,49321000
2024-09-18,554.4937744140625,561.4000244140625,568.6900024414062,560.8300170898438,563.739990234375,59044900
2024-09-19,563.9558715820312,570.97998046875,572.8800048828125,568.0800170898438,571.010009765625,75315500
2024-09-20,562.9810180664062,568.25,569.3099975585938,565.1699829101562,567.8400268554688,77503100
2024-09-23,564.3878173828125,569.6699829101562,570.3300170898438,568.0999755859375,569.3400268554688,44116900
2024-09-24,566.002685546875,571.2999877929688,571.3599853515625,567.5999755859375,570.47998046875,46805700
2024-09-25,564.75439453125,570.0399780273438,571.8900146484375,568.9099731445312,571.1400146484375,38428600
2024-09-26,566.993408203125,572.2999877929688,574.7100219726562,569.9000244140625,574.3800048828125,48336000
2024-09-27,566.1710815429688,571.469970703125,574.219970703125,570.4199829101562,573.3900146484375,42100900
2024-09-30,568.4398803710938,573.760009765625,574.3800048828125,568.0800170898438,570.4199829101562,63557400
2024-10-01,563.3475341796875,568.6199951171875,574.0599975585938,566.0,573.4000244140625,72668800
2024-10-02,563.5852661132812,568.8599853515625,569.9000244140625,565.27001953125,567.7100219726562,38097800
2024-10-03,562.554931640625,567.8200073242188,569.7999877929688,565.489990234375,567.3599853515625,40846500
2024-10-04,567.6671142578125,572.97998046875,573.3599853515625,568.0999755859375,572.3499755859375,42939100
2024-10-07,562.5350952148438,567.7999877929688,571.9600219726562,566.6300048828125,571.2999877929688,49964700
2024-10-08,567.8553466796875,573.1699829101562,573.780029296875,569.530029296875,570.4199829101562,37398700
2024-10-09,571.78857421875,577.1400146484375,577.7100219726562,572.5499877929688,573.1599731445312,37912200
2024-10-10,570.7879028320312,576.1300048828125,577.5800170898438,574.489990234375,575.77001953125,44138100
2024-10-11,574.2059326171875,579.5800170898438,580.3300170898438,575.9099731445312,576.0499877929688,42268000
2024-10-14,578.9019775390625,584.3200073242188,585.27001953125,580.72998046875,581.219970703125,36217200
2024-10-15,574.4041137695312,579.780029296875,584.9000244140625,578.5399780273438,584.5900268554688,54203600
2024-10-16,576.9006958007812,582.2999877929688,582.8300170898438,578.9600219726562,579.780029296875,30725400
2024-10-17,576.9501953125,582.3499755859375,586.1199951171875,582.1599731445312,585.9099731445312,34393700
2024-10-18,579.1694946289062,584.5900268554688,585.3900146484375,582.5800170898438,584.0700073242188,37416800
2024-10-21,578.2183837890625,583.6300048828125,584.8499755859375,580.5999755859375,583.8499755859375,36439000
2024-10-22,577.9112548828125,583.3200073242188,584.5,580.3800048828125,581.0499877929688,34183800
2024-10-23,572.630615234375,577.989990234375,581.7100219726562,574.4199829101562,581.260009765625,49314600
2024-10-24,573.8690795898438,579.239990234375,580.0599975585938,576.5700073242188,579.97998046875,34979900
2024-10-25,573.6708984375,579.0399780273438,584.4600219726562,578.0800170898438,581.510009765625,47268200
2024-10-28,575.4443359375,580.8300170898438,582.7100219726562,580.52001953125,582.5800170898438,30174700
2024-10-29,576.3756713867188,581.77001953125,582.9099731445312,578.4299926757812,579.8499755859375,42899700
2024-10-30,574.6319580078125,580.010009765625,583.3200073242188,579.2899780273438,581.2899780273438,41435800
2024-10-31,563.3673706054688,568.6400146484375,575.6300048828125,568.4400024414062,575.5599975585938,60182500
2024-11-01,565.7451171875,571.0399780273438,575.5499877929688,570.6199951171875,571.3200073242188,45667500
2024-11-04,564.5264892578125,569.8099975585938,572.5,567.8900146484375,571.1799926757812,38217000
2024-11-05,571.3526000976562,576.7000122070312,576.739990234375,570.52001953125,570.739990234375,39478300
2024-11-06,585.5596313476562,591.0399780273438,591.9299926757812,585.3900146484375,589.2000122070312,68182000
2024-11-07,590.0872802734375,595.6099853515625,596.6500244140625,593.0,593.0800170898438,47233200
2024-11-08,592.6433715820312,598.1900024414062,599.6400146484375,596.1699829101562,596.1699829101562,46444900
2024-11-11,593.2080688476562,598.760009765625,600.1699829101562,597.0,599.8099975585938,37586800
2024-11-12,591.3653564453125,596.9000244140625,599.2899780273438,594.3699951171875,598.6799926757812,43006100
2024-11-13,591.6526489257812,597.1900024414062,599.22998046875,594.9600219726562,597.3699951171875,47388600
2024-11-14,587.8482055664062,593.3499755859375,597.8099975585938,592.6500244140625,597.3200073242188,38904100
2024-11-15,580.3186645507812,585.75,590.2000122070312,583.8599853515625,589.719970703125,75988800
2024-11-18,582.6964111328125,588.1500244140625,589.489990234375,585.3400268554688,586.219970703125,37001700
2024-11-19,584.8265380859375,590.2999877929688,591.0399780273438,584.030029296875,584.7100219726562,49412000
2024-11-20,585.024658203125,590.5,590.7899780273438,584.6300048828125,590.3800048828125,50032600
2024-11-21,588.165283203125,593.6699829101562,595.1199951171875,587.4500122070312,593.4000244140625,46750300
2024-11-22,589.9882202148438,595.510009765625,596.1500244140625,593.1500244140625,593.6599731445312,38226400
2024-11-25,591.9895629882812,597.530029296875,600.8599853515625,595.2000122070312,599.52001953125,42441400
2024-11-26,595.08056640625,600.6500244140625,601.3300170898438,598.0700073242188,598.7999877929688,45621300
2024-11-27,593.2774658203125,598.8300170898438,600.8499755859375,597.280029296875,600.4600219726562,34000200
2024-11-29,596.9629516601562,602.5499877929688,603.3499755859375,599.3800048828125,599.6599731445312,30177400
2024-12-02,598.032958984375,603.6300048828125,604.3200073242188,602.469970703125,602.969970703125,31746000
2024-12-03,598.3102416992188,603.9099731445312,604.1599731445312,602.3400268554688,603.3900146484375,26906600
2024-12-04,602.0255126953125,607.6599731445312,607.9099731445312,604.9500122070312,605.6300048828125,42787600
2024-12-05,601.0347900390625,606.6599731445312,608.47998046875,606.2999877929688,607.6599731445312,28762200
2024-12-06,602.1741333007812,607.8099975585938,609.0700073242188,607.02001953125,607.4400024414062,31241500
2024-12-09,599.0731201171875,604.6799926757812,607.8599853515625,604.0800170898438,607.6900024414062,34742700
2024-12-10,597.2106323242188,602.7999877929688,605.7999877929688,602.1300048828125,605.3699951171875,37234500
2024-12-11,601.827392578125,607.4600219726562,608.4299926757812,605.5,605.780029296875,28677700
2024-12-12,598.7264404296875,604.3300170898438,607.1599731445312,604.3300170898438,606.5800170898438,31543800
2024-12-13,598.6075439453125,604.2100219726562,607.1300048828125,602.8099975585938,606.4000244140625,35904700
2024-12-16,601.16357421875,606.7899780273438,607.780029296875,605.2100219726562,606.0,43695200
2024-12-17,598.6868286132812,604.2899780273438,605.1699829101562,602.8900146484375,604.1900024414062,55773500
2024-12-18,580.8438720703125,586.280029296875,606.4099731445312,585.8900146484375,603.97998046875,108248700
2024-12-19,580.6654052734375,586.0999755859375,593.0,585.8499755859375,591.3599853515625,85919500
2024-12-20,587.6398315429688,591.1500244140625,595.75,580.9099731445312,581.77001953125,125716700
2024-12-23,591.1588134765625,594.6900024414062,595.2999877929688,587.6599731445312,590.8900146484375,57635800
2024-12-24,597.7294921875,601.2999877929688,601.3400268554688,595.469970703125,596.0599975585938,33160100
2024-12-26,597.7693481445312,601.3400268554688,602.47998046875,598.0800170898438,599.5,41219100
2024-12-27,591.4768676757812,595.010009765625,597.780029296875,590.760009765625,597.5399780273438,64969300
2024-12-30,584.7271728515625,588.219970703125,591.739990234375,584.4099731445312,587.8900146484375,56578800
